{
  "training_results": {
    "maskdino": {
      "best_iou_score": null,
      "best_epoch": null,
      "training_time_seconds": null,
      "training_time_formatted": null,
      "status": "skipped_existing_model"
    },
    "segformer": {
      "best_iou_score": null,
      "best_epoch": null,
      "training_time_seconds": null,
      "training_time_formatted": null,
      "status": "skipped_existing_model"
    },
    "sctnet": {
      "best_iou_score": null,
      "best_epoch": null,
      "training_time_seconds": null,
      "training_time_formatted": null,
      "status": "skipped_existing_model"
    }
  },
  "test_results": {
    "maskdino": {
      "pixel_accuracy": 0.48155739744611764,
      "mean_pixel_accuracy": 0.20486711580792671,
      "frequency_weighted_iou": 0.3799646608492193,
      "mean_iou": 0.1326137013644692,
      "per_class_iou": {
        "background": 0.48623411450060555,
        "building": 0.004708405607799901,
        "woodland": 0.10252138972538441,
        "water": 0.060095765596052585,
        "road": 0.009508831392503591
      },
      "mean_dice": 0.196376486008717,
      "per_class_dice": {
        "background": 0.6543169878239361,
        "building": 0.009372680832607434,
        "woodland": 0.18597623716111375,
        "water": 0.11337799384994801,
        "road": 0.018838530375979434
      },
      "map_50": 0.20238429741311376,
      "map_75": 0.161907437930491,
      "test_time_seconds": 192.29332304000854,
      "test_time_formatted": "3m 12s"
    },
    "segformer": {
      "pixel_accuracy": 0.16708069050739102,
      "mean_pixel_accuracy": 0.12582378763026672,
      "frequency_weighted_iou": 0.12775798124666018,
      "mean_iou": 0.057788341937630563,
      "per_class_iou": {
        "background": 0.14228917202909402,
        "building": 0.00037450301958198896,
        "woodland": 0.13145623385999,
        "water": 0.005933407629352198,
        "road": 0.008888393150134618
      },
      "mean_dice": 0.10233240569720067,
      "per_class_dice": {
        "background": 0.2491298622332908,
        "building": 0.0007487256391512773,
        "woodland": 0.23236644940569007,
        "water": 0.011796819917404375,
        "road": 0.017620171290466852
      },
      "map_50": 0.19895425294879396,
      "map_75": 0.15916340235903517,
      "test_time_seconds": 225.62458205223083,
      "test_time_formatted": "3m 46s"
    },
    "sctnet": {
      "pixel_accuracy": 0.7035083197170078,
      "mean_pixel_accuracy": 0.19811909528295807,
      "frequency_weighted_iou": 0.5250477423637084,
      "mean_iou": 0.14815776907691985,
      "per_class_iou": {
        "background": 0.7053728034450788,
        "building": 0.0,
        "woodland": 0.03538237036617465,
        "water": 3.367157334580743e-05,
        "road": 0.0
      },
      "mean_dice": 0.1791299443436885,
      "per_class_dice": {
        "background": 0.8272359005844732,
        "building": 0.0,
        "woodland": 0.06834648025475125,
        "water": 6.734087921826109e-05,
        "road": 0.0
      },
      "map_50": 0.18983362181675145,
      "map_75": 0.15186689745340118,
      "test_time_seconds": 205.64878010749817,
      "test_time_formatted": "3m 26s"
    }
  },
  "comparison_summary": {
    "best_per_metric": {
      "mean_iou": {
        "model": "SCTNET",
        "score": 0.14815776907691985
      },
      "mean_dice": {
        "model": "MASKDINO",
        "score": 0.196376486008717
      },
      "pixel_accuracy": {
        "model": "SCTNET",
        "score": 0.7035083197170078
      },
      "mean_pixel_accuracy": {
        "model": "MASKDINO",
        "score": 0.20486711580792671
      },
      "frequency_weighted_iou": {
        "model": "SCTNET",
        "score": 0.5250477423637084
      },
      "map_50": {
        "model": "MASKDINO",
        "score": 0.20238429741311376
      },
      "map_75": {
        "model": "MASKDINO",
        "score": 0.161907437930491
      }
    },
    "best_model_overall": {
      "model": "SCTNET",
      "weighted_score": 0.29140538656110343
    },
    "full_ranking": [
      {
        "Model": "SCTNET",
        "Mean IoU": 0.14815776907691985,
        "Pixel Accuracy": 0.7035083197170078,
        "Mean Pixel Accuracy": 0.19811909528295807,
        "Frequency Weighted IoU": 0.5250477423637084,
        "Mean Dice": 0.1791299443436885,
        "mAP@50": 0.18983362181675145,
        "mAP@75": 0.15186689745340118,
        "Training IoU": null,
        "Training Time (min)": 0.0,
        "Test Time (sec)": 205.64878010749817,
        "Weighted Score": 0.29140538656110343
      },
      {
        "Model": "MASKDINO",
        "Mean IoU": 0.1326137013644692,
        "Pixel Accuracy": 0.48155739744611764,
        "Mean Pixel Accuracy": 0.20486711580792671,
        "Frequency Weighted IoU": 0.3799646608492193,
        "Mean Dice": 0.196376486008717,
        "mAP@50": 0.20238429741311376,
        "mAP@75": 0.161907437930491,
        "Training IoU": null,
        "Training Time (min)": 0.0,
        "Test Time (sec)": 192.29332304000854,
        "Weighted Score": 0.24444722860300339
      },
      {
        "Model": "SEGFORMER",
        "Mean IoU": 0.057788341937630563,
        "Pixel Accuracy": 0.16708069050739102,
        "Mean Pixel Accuracy": 0.12582378763026672,
        "Frequency Weighted IoU": 0.12775798124666018,
        "Mean Dice": 0.10233240569720067,
        "mAP@50": 0.19895425294879396,
        "mAP@75": 0.15916340235903517,
        "Training IoU": null,
        "Training Time (min)": 0.0,
        "Test Time (sec)": 225.62458205223083,
        "Weighted Score": 0.1194091001982522
      }
    ]
  },
  "experiment_info": {
    "timestamp": "2025-11-08_09-24-42",
    "models_compared": [
      "maskdino",
      "segformer",
      "sctnet"
    ],
    "test_only": false
  }
}